,area,neuron_type,neuron_name,section_type,bifurcation_count,total_length,bin_size,Count0,Count1,Count2,Count3,Count4,Count5,Count6,Count7,Count8,Count9,Count10,Count11,Count12,Count13,Count14,Count15,Count16,Count17,Count18,Count19,Count20,Count21,Count22,Count23,Count24,Count25,Count26,Count27,Count28,Count29,Count30
0,aPC,PYR,d080429a-100,basal_dendrite,7,2749.2388465507115,50.0,3.0,7.0,8.0,9.0,9.0,3.0,2.0,1.0,1.0,0.0,0.0,0.0,0.0,0.0,0.0,0.0,0.0,0.0,0.0,0.0,0.0,0.0,0.0,0.0,0.0,0.0,0.0,0.0,0.0,0.0,0.0
1,aPC,PYR,d080429a-100,apical_dendrite,10,3572.355292881448,50.0,1.0,4.0,5.0,3.0,5.0,7.0,13.0,18.0,11.0,0.0,0.0,0.0,0.0,0.0,0.0,0.0,0.0,0.0,0.0,0.0,0.0,0.0,0.0,0.0,0.0,0.0,0.0,0.0,0.0,0.0,0.0
2,aPC,PYR,d080414a-100,apical_dendrite,9,4224.7108160686485,50.0,1.0,2.0,2.0,3.0,5.0,7.0,9.0,11.0,12.0,9.0,8.0,6.0,1.0,1.0,0.0,0.0,0.0,0.0,0.0,0.0,0.0,0.0,0.0,0.0,0.0,0.0,0.0,0.0,0.0,0.0,0.0
3,aPC,PYR,d080414a-100,basal_dendrite,7,2687.2994125327177,50.0,8.0,10.0,7.0,7.0,6.0,6.0,2.0,1.0,0.0,0.0,0.0,0.0,0.0,0.0,0.0,0.0,0.0,0.0,0.0,0.0,0.0,0.0,0.0,0.0,0.0,0.0,0.0,0.0,0.0,0.0,0.0
4,aPC,PYR,d080408a-100,apical_dendrite,11,3968.6043517163175,50.0,1.0,3.0,4.0,4.0,5.0,5.0,6.0,7.0,6.0,7.0,9.0,7.0,6.0,2.0,0.0,0.0,0.0,0.0,0.0,0.0,0.0,0.0,0.0,0.0,0.0,0.0,0.0,0.0,0.0,0.0,0.0
5,aPC,PYR,d080408a-100,basal_dendrite,19,5486.101845133171,50.0,4.0,7.0,17.0,17.0,13.0,9.0,7.0,5.0,3.0,2.0,1.0,0.0,0.0,0.0,0.0,0.0,0.0,0.0,0.0,0.0,0.0,0.0,0.0,0.0,0.0,0.0,0.0,0.0,0.0,0.0,0.0
6,aPC,PYR,d080415b-100,apical_dendrite,9,4779.281961026601,50.0,1.0,2.0,5.0,8.0,7.0,10.0,11.0,12.0,13.0,12.0,6.0,0.0,0.0,0.0,0.0,0.0,0.0,0.0,0.0,0.0,0.0,0.0,0.0,0.0,0.0,0.0,0.0,0.0,0.0,0.0,0.0
7,aPC,PYR,d080415b-100,basal_dendrite,8,2539.7506437228635,50.0,3.0,10.0,9.0,8.0,6.0,6.0,3.0,2.0,3.0,0.0,0.0,0.0,0.0,0.0,0.0,0.0,0.0,0.0,0.0,0.0,0.0,0.0,0.0,0.0,0.0,0.0,0.0,0.0,0.0,0.0,0.0
8,aPC,PYR,d080511a-100,apical_dendrite,17,5577.023669362274,50.0,1.0,1.0,1.0,2.0,4.0,4.0,7.0,8.0,8.0,13.0,14.0,19.0,10.0,2.0,1.0,0.0,0.0,0.0,0.0,0.0,0.0,0.0,0.0,0.0,0.0,0.0,0.0,0.0,0.0,0.0,0.0
9,aPC,PYR,d080511a-100,basal_dendrite,8,3583.25109371854,50.0,4.0,5.0,10.0,9.0,7.0,5.0,5.0,3.0,2.0,3.0,2.0,2.0,1.0,0.0,0.0,0.0,0.0,0.0,0.0,0.0,0.0,0.0,0.0,0.0,0.0,0.0,0.0,0.0,0.0,0.0,0.0
10,aPC,PYR,d080502a-100,apical_dendrite,11,4939.707243462412,50.0,1.0,3.0,3.0,3.0,5.0,6.0,4.0,7.0,7.0,10.0,13.0,12.0,8.0,2.0,1.0,0.0,0.0,0.0,0.0,0.0,0.0,0.0,0.0,0.0,0.0,0.0,0.0,0.0,0.0,0.0,0.0
11,aPC,PYR,d080502a-100,basal_dendrite,20,5186.898823913899,50.0,7.0,26.0,22.0,17.0,12.0,2.0,1.0,0.0,0.0,0.0,0.0,0.0,0.0,0.0,0.0,0.0,0.0,0.0,0.0,0.0,0.0,0.0,0.0,0.0,0.0,0.0,0.0,0.0,0.0,0.0,0.0
12,aPC,PYR,d080312a-100,apical_dendrite,12,4750.574329780751,50.0,1.0,3.0,7.0,10.0,13.0,15.0,15.0,13.0,3.0,1.0,0.0,0.0,0.0,0.0,0.0,0.0,0.0,0.0,0.0,0.0,0.0,0.0,0.0,0.0,0.0,0.0,0.0,0.0,0.0,0.0,0.0
13,aPC,PYR,d080312a-100,basal_dendrite,10,4686.931714304501,50.0,8.0,8.0,12.0,11.0,11.0,11.0,11.0,8.0,3.0,1.0,0.0,0.0,0.0,0.0,0.0,0.0,0.0,0.0,0.0,0.0,0.0,0.0,0.0,0.0,0.0,0.0,0.0,0.0,0.0,0.0,0.0
14,aPC,PYR,d080404a-100,apical_dendrite,8,3201.9363655969164,50.0,1.0,2.0,5.0,8.0,10.0,12.0,11.0,9.0,1.0,0.0,0.0,0.0,0.0,0.0,0.0,0.0,0.0,0.0,0.0,0.0,0.0,0.0,0.0,0.0,0.0,0.0,0.0,0.0,0.0,0.0,0.0
15,aPC,PYR,d080404a-100,basal_dendrite,5,1583.4226313640058,50.0,4.0,5.0,8.0,6.0,3.0,3.0,0.0,0.0,0.0,0.0,0.0,0.0,0.0,0.0,0.0,0.0,0.0,0.0,0.0,0.0,0.0,0.0,0.0,0.0,0.0,0.0,0.0,0.0,0.0,0.0,0.0
16,aPC,PYR,d071121a-100,apical_dendrite,10,5804.523470787325,50.0,1.0,5.0,4.0,6.0,6.0,9.0,11.0,12.0,11.0,12.0,11.0,11.0,6.0,0.0,0.0,0.0,0.0,0.0,0.0,0.0,0.0,0.0,0.0,0.0,0.0,0.0,0.0,0.0,0.0,0.0,0.0
17,aPC,PYR,d071121a-100,basal_dendrite,9,2523.6579209294946,50.0,3.0,8.0,11.0,11.0,6.0,3.0,0.0,0.0,0.0,0.0,0.0,0.0,0.0,0.0,0.0,0.0,0.0,0.0,0.0,0.0,0.0,0.0,0.0,0.0,0.0,0.0,0.0,0.0,0.0,0.0,0.0
18,aPC,PYR,d080328a-100,apical_dendrite,11,3191.567735838594,50.0,1.0,2.0,2.0,4.0,5.0,6.0,4.0,4.0,4.0,6.0,8.0,8.0,3.0,0.0,0.0,0.0,0.0,0.0,0.0,0.0,0.0,0.0,0.0,0.0,0.0,0.0,0.0,0.0,0.0,0.0,0.0
19,aPC,PYR,d080328a-100,basal_dendrite,9,4810.461441878305,50.0,7.0,11.0,14.0,12.0,9.0,8.0,6.0,6.0,3.0,3.0,2.0,2.0,1.0,1.0,0.0,0.0,0.0,0.0,0.0,0.0,0.0,0.0,0.0,0.0,0.0,0.0,0.0,0.0,0.0,0.0,0.0
20,aPC,PYR,d080508a-100,apical_dendrite,9,4494.477410740771,50.0,2.0,2.0,2.0,4.0,6.0,6.0,8.0,8.0,12.0,12.0,12.0,9.0,4.0,0.0,0.0,0.0,0.0,0.0,0.0,0.0,0.0,0.0,0.0,0.0,0.0,0.0,0.0,0.0,0.0,0.0,0.0
21,aPC,PYR,d080508a-100,basal_dendrite,8,3667.83482080809,50.0,6.0,9.0,12.0,12.0,11.0,8.0,6.0,1.0,0.0,0.0,0.0,0.0,0.0,0.0,0.0,0.0,0.0,0.0,0.0,0.0,0.0,0.0,0.0,0.0,0.0,0.0,0.0,0.0,0.0,0.0,0.0
22,aPC,PYR,080709a-100,apical_dendrite,16,4063.189962851036,50.0,1.0,2.0,6.0,6.0,7.0,11.0,11.0,12.0,8.0,5.0,2.0,1.0,0.0,0.0,0.0,0.0,0.0,0.0,0.0,0.0,0.0,0.0,0.0,0.0,0.0,0.0,0.0,0.0,0.0,0.0,0.0
23,aPC,PYR,080709a-100,basal_dendrite,22,4582.445347656488,50.0,6.0,13.0,17.0,19.0,11.0,5.0,4.0,0.0,0.0,0.0,0.0,0.0,0.0,0.0,0.0,0.0,0.0,0.0,0.0,0.0,0.0,0.0,0.0,0.0,0.0,0.0,0.0,0.0,0.0,0.0,0.0
24,aPC,SL,d080305a-100,basal_dendrite,6,2671.599968490501,50.0,2.0,6.0,7.0,8.0,6.0,6.0,7.0,4.0,1.0,0.0,0.0,0.0,0.0,0.0,0.0,0.0,0.0,0.0,0.0,0.0,0.0,0.0,0.0,0.0,0.0,0.0,0.0,0.0,0.0,0.0,0.0
25,aPC,SL,d080305a-100,apical_dendrite,2,820.9086288195432,50.0,1.0,2.0,2.0,1.0,1.0,2.0,2.0,2.0,2.0,0.0,0.0,0.0,0.0,0.0,0.0,0.0,0.0,0.0,0.0,0.0,0.0,0.0,0.0,0.0,0.0,0.0,0.0,0.0,0.0,0.0,0.0
26,aPC,SL,d080421a-100,apical_dendrite,15,4629.581211490394,50.0,2.0,5.0,8.0,13.0,16.0,17.0,11.0,4.0,0.0,0.0,0.0,0.0,0.0,0.0,0.0,0.0,0.0,0.0,0.0,0.0,0.0,0.0,0.0,0.0,0.0,0.0,0.0,0.0,0.0,0.0,0.0
27,aPC,SL,d080421a-100,basal_dendrite,2,590.0565424709591,50.0,4.0,3.0,2.0,1.0,1.0,0.0,0.0,0.0,0.0,0.0,0.0,0.0,0.0,0.0,0.0,0.0,0.0,0.0,0.0,0.0,0.0,0.0,0.0,0.0,0.0,0.0,0.0,0.0,0.0,0.0,0.0
28,aPC,SL,d080415a-100,apical_dendrite,11,3020.54154498306,50.0,2.0,5.0,7.0,5.0,7.0,9.0,10.0,7.0,1.0,0.0,0.0,0.0,0.0,0.0,0.0,0.0,0.0,0.0,0.0,0.0,0.0,0.0,0.0,0.0,0.0,0.0,0.0,0.0,0.0,0.0,0.0
29,aPC,SL,d080415a-100,basal_dendrite,1,272.66588180122545,50.0,1.0,2.0,1.0,1.0,0.0,0.0,0.0,0.0,0.0,0.0,0.0,0.0,0.0,0.0,0.0,0.0,0.0,0.0,0.0,0.0,0.0,0.0,0.0,0.0,0.0,0.0,0.0,0.0,0.0,0.0,0.0
30,Neocortex,PYR,C170797A-P1,apical_dendrite,2,677.514338208301,50.0,1.0,3.0,3.0,2.0,1.0,0.0,0.0,0.0,0.0,0.0,0.0,0.0,0.0,0.0,0.0,0.0,0.0,0.0,0.0,0.0,0.0,0.0,0.0,0.0,0.0,0.0,0.0,0.0,0.0,0.0,0.0
31,Neocortex,PYR,C170797A-P1,basal_dendrite,8,824.944812435238,50.0,6.0,12.0,1.0,0.0,0.0,0.0,0.0,0.0,0.0,0.0,0.0,0.0,0.0,0.0,0.0,0.0,0.0,0.0,0.0,0.0,0.0,0.0,0.0,0.0,0.0,0.0,0.0,0.0,0.0,0.0,0.0
32,Neocortex,PYR,C190199A-P3,apical_dendrite,8,1838.9188744518426,50.0,1.0,0.0,5.0,8.0,2.0,4.0,6.0,0.0,0.0,0.0,0.0,0.0,0.0,0.0,0.0,0.0,0.0,0.0,0.0,0.0,0.0,0.0,0.0,0.0,0.0,0.0,0.0,0.0,0.0,0.0,0.0
33,Neocortex,PYR,C190199A-P3,basal_dendrite,9,1819.947968408971,50.0,6.0,2.0,10.0,1.0,0.0,0.0,0.0,0.0,0.0,0.0,0.0,0.0,0.0,0.0,0.0,0.0,0.0,0.0,0.0,0.0,0.0,0.0,0.0,0.0,0.0,0.0,0.0,0.0,0.0,0.0,0.0
34,Neocortex,PYR,C260897C-P4,apical_dendrite,11,1946.8134248499819,50.0,1.0,0.0,3.0,4.0,1.0,1.0,3.0,7.0,3.0,0.0,0.0,0.0,0.0,0.0,0.0,0.0,0.0,0.0,0.0,0.0,0.0,0.0,0.0,0.0,0.0,0.0,0.0,0.0,0.0,0.0,0.0
35,Neocortex,PYR,C260897C-P4,basal_dendrite,7,1191.5603012334361,50.0,3.0,4.0,5.0,3.0,1.0,0.0,0.0,0.0,0.0,0.0,0.0,0.0,0.0,0.0,0.0,0.0,0.0,0.0,0.0,0.0,0.0,0.0,0.0,0.0,0.0,0.0,0.0,0.0,0.0,0.0,0.0
36,Neocortex,PYR,C240199B-P1,apical_dendrite,9,2115.9279985869484,50.0,4.0,0.0,1.0,9.0,9.0,2.0,2.0,0.0,0.0,0.0,0.0,0.0,0.0,0.0,0.0,0.0,0.0,0.0,0.0,0.0,0.0,0.0,0.0,0.0,0.0,0.0,0.0,0.0,0.0,0.0,0.0
37,Neocortex,PYR,C240199B-P1,basal_dendrite,3,397.419168666898,50.0,2.0,0.0,0.0,3.0,1.0,0.0,0.0,0.0,0.0,0.0,0.0,0.0,0.0,0.0,0.0,0.0,0.0,0.0,0.0,0.0,0.0,0.0,0.0,0.0,0.0,0.0,0.0,0.0,0.0,0.0,0.0
38,Neocortex,PYR,C220197A-P1,apical_dendrite,3,1142.384089688701,50.0,1.0,1.0,1.0,1.0,1.0,1.0,1.0,1.0,1.0,1.0,1.0,1.0,3.0,5.0,1.0,0.0,0.0,0.0,0.0,0.0,0.0,0.0,0.0,0.0,0.0,0.0,0.0,0.0,0.0,0.0,0.0
39,Neocortex,PYR,C030796A-P1,apical_dendrite,26,8268.677343129784,50.0,1.0,0.0,5.0,11.0,16.0,12.0,3.0,3.0,1.0,1.0,1.0,1.0,1.0,3.0,3.0,4.0,4.0,4.0,5.0,7.0,10.0,1.0,0.0,0.0,0.0,0.0,0.0,0.0,0.0,0.0,0.0
40,Neocortex,PYR,C030796A-P1,basal_dendrite,20,4934.663644319271,50.0,11.0,10.0,22.0,25.0,12.0,4.0,1.0,0.0,0.0,0.0,0.0,0.0,0.0,0.0,0.0,0.0,0.0,0.0,0.0,0.0,0.0,0.0,0.0,0.0,0.0,0.0,0.0,0.0,0.0,0.0,0.0
41,Neocortex,PYR,C231296A-P4A2,apical_dendrite,5,1372.8537441439987,50.0,1.0,2.0,1.0,2.0,1.0,3.0,2.0,1.0,2.0,2.0,0.0,0.0,0.0,0.0,0.0,0.0,0.0,0.0,0.0,0.0,0.0,0.0,0.0,0.0,0.0,0.0,0.0,0.0,0.0,0.0,0.0
42,Neocortex,PYR,C231296A-P4A2,basal_dendrite,7,1696.792422432888,50.0,7.0,10.0,10.0,1.0,0.0,0.0,0.0,0.0,0.0,0.0,0.0,0.0,0.0,0.0,0.0,0.0,0.0,0.0,0.0,0.0,0.0,0.0,0.0,0.0,0.0,0.0,0.0,0.0,0.0,0.0,0.0
43,Neocortex,PYR,C050896A-P1,apical_dendrite,22,3846.3443925197116,50.0,1.0,1.0,4.0,1.0,3.0,3.0,1.0,2.0,1.0,1.0,1.0,3.0,4.0,6.0,6.0,3.0,6.0,5.0,0.0,0.0,0.0,0.0,0.0,0.0,0.0,0.0,0.0,0.0,0.0,0.0,0.0
44,Neocortex,PYR,C050896A-P1,basal_dendrite,8,1686.6324189720171,50.0,7.0,14.0,9.0,2.0,1.0,0.0,0.0,0.0,0.0,0.0,0.0,0.0,0.0,0.0,0.0,0.0,0.0,0.0,0.0,0.0,0.0,0.0,0.0,0.0,0.0,0.0,0.0,0.0,0.0,0.0,0.0
45,Neocortex,PYR,C280998A-P3,apical_dendrite,5,1200.7362155284368,50.0,1.0,0.0,6.0,3.0,2.0,2.0,0.0,0.0,0.0,0.0,0.0,0.0,0.0,0.0,0.0,0.0,0.0,0.0,0.0,0.0,0.0,0.0,0.0,0.0,0.0,0.0,0.0,0.0,0.0,0.0,0.0
46,Neocortex,PYR,C280998A-P3,basal_dendrite,10,1410.0668182008703,50.0,3.0,10.0,8.0,0.0,0.0,0.0,0.0,0.0,0.0,0.0,0.0,0.0,0.0,0.0,0.0,0.0,0.0,0.0,0.0,0.0,0.0,0.0,0.0,0.0,0.0,0.0,0.0,0.0,0.0,0.0,0.0
47,Neocortex,PYR,C200897C-P4,apical_dendrite,4,1436.6659317744504,50.0,1.0,1.0,4.0,6.0,3.0,1.0,1.0,1.0,1.0,0.0,0.0,0.0,0.0,0.0,0.0,0.0,0.0,0.0,0.0,0.0,0.0,0.0,0.0,0.0,0.0,0.0,0.0,0.0,0.0,0.0,0.0
48,Neocortex,PYR,C200897C-P4,basal_dendrite,4,1118.9674940441635,50.0,3.0,3.0,6.0,3.0,1.0,0.0,0.0,0.0,0.0,0.0,0.0,0.0,0.0,0.0,0.0,0.0,0.0,0.0,0.0,0.0,0.0,0.0,0.0,0.0,0.0,0.0,0.0,0.0,0.0,0.0,0.0
49,Neocortex,PYR,C261296A-P1,apical_dendrite,119,9164.661694882561,50.0,1.0,0.0,3.0,6.0,9.0,5.0,2.0,2.0,2.0,2.0,2.0,2.0,3.0,4.0,4.0,6.0,9.0,13.0,19.0,15.0,0.0,0.0,0.0,0.0,0.0,0.0,0.0,0.0,0.0,0.0,0.0
50,Neocortex,PYR,C261296A-P1,basal_dendrite,13,1547.161502296136,50.0,7.0,1.0,7.0,4.0,4.0,1.0,0.0,0.0,0.0,0.0,0.0,0.0,0.0,0.0,0.0,0.0,0.0,0.0,0.0,0.0,0.0,0.0,0.0,0.0,0.0,0.0,0.0,0.0,0.0,0.0,0.0
51,Neocortex,PYR,C040896A-P2,apical_dendrite,31,7165.669927815508,50.0,1.0,6.0,7.0,5.0,4.0,1.0,3.0,1.0,1.0,3.0,1.0,3.0,3.0,4.0,9.0,12.0,1.0,0.0,0.0,0.0,0.0,0.0,0.0,0.0,0.0,0.0,0.0,0.0,0.0,0.0,0.0
52,Neocortex,PYR,C040896A-P2,basal_dendrite,12,2569.124437756863,50.0,7.0,2.0,14.0,7.0,2.0,0.0,0.0,0.0,0.0,0.0,0.0,0.0,0.0,0.0,0.0,0.0,0.0,0.0,0.0,0.0,0.0,0.0,0.0,0.0,0.0,0.0,0.0,0.0,0.0,0.0,0.0
53,Neocortex,PYR,C150897B-P2,apical_dendrite,4,906.3970962423391,50.0,1.0,0.0,2.0,1.0,1.0,1.0,3.0,2.0,0.0,0.0,0.0,0.0,0.0,0.0,0.0,0.0,0.0,0.0,0.0,0.0,0.0,0.0,0.0,0.0,0.0,0.0,0.0,0.0,0.0,0.0,0.0
54,Neocortex,PYR,C150897B-P2,basal_dendrite,10,1584.3018075756067,50.0,6.0,5.0,7.0,2.0,0.0,0.0,0.0,0.0,0.0,0.0,0.0,0.0,0.0,0.0,0.0,0.0,0.0,0.0,0.0,0.0,0.0,0.0,0.0,0.0,0.0,0.0,0.0,0.0,0.0,0.0,0.0
55,Neocortex,PYR,C230998A-P2,apical_dendrite,1,251.95668812115127,50.0,1.0,0.0,2.0,0.0,0.0,0.0,0.0,0.0,0.0,0.0,0.0,0.0,0.0,0.0,0.0,0.0,0.0,0.0,0.0,0.0,0.0,0.0,0.0,0.0,0.0,0.0,0.0,0.0,0.0,0.0,0.0
56,Neocortex,PYR,C230998A-P2,basal_dendrite,6,1199.2930471206803,50.0,3.0,6.0,1.0,0.0,0.0,0.0,0.0,0.0,0.0,0.0,0.0,0.0,0.0,0.0,0.0,0.0,0.0,0.0,0.0,0.0,0.0,0.0,0.0,0.0,0.0,0.0,0.0,0.0,0.0,0.0,0.0
57,Neocortex,PYR,C240199B-P2,apical_dendrite,11,1806.5297005746704,50.0,1.0,0.0,4.0,4.0,3.0,5.0,1.0,0.0,0.0,0.0,0.0,0.0,0.0,0.0,0.0,0.0,0.0,0.0,0.0,0.0,0.0,0.0,0.0,0.0,0.0,0.0,0.0,0.0,0.0,0.0,0.0
58,Neocortex,PYR,C240199B-P2,basal_dendrite,10,1821.258237309005,50.0,6.0,0.0,1.0,10.0,3.0,2.0,0.0,0.0,0.0,0.0,0.0,0.0,0.0,0.0,0.0,0.0,0.0,0.0,0.0,0.0,0.0,0.0,0.0,0.0,0.0,0.0,0.0,0.0,0.0,0.0,0.0
59,Neocortex,PYR,C170898A-P3,basal_dendrite,5,1853.651742219341,50.0,6.0,13.0,11.0,1.0,0.0,0.0,0.0,0.0,0.0,0.0,0.0,0.0,0.0,0.0,0.0,0.0,0.0,0.0,0.0,0.0,0.0,0.0,0.0,0.0,0.0,0.0,0.0,0.0,0.0,0.0,0.0
60,Neocortex,PYR,C170898A-P3,apical_dendrite,3,1299.3302870194705,50.0,1.0,7.0,7.0,2.0,1.0,1.0,1.0,1.0,1.0,1.0,0.0,0.0,0.0,0.0,0.0,0.0,0.0,0.0,0.0,0.0,0.0,0.0,0.0,0.0,0.0,0.0,0.0,0.0,0.0,0.0,0.0
61,Neocortex,PYR,C310897B-P4,apical_dendrite,6,1555.9217912900378,50.0,1.0,2.0,5.0,3.0,1.0,1.0,2.0,4.0,1.0,0.0,0.0,0.0,0.0,0.0,0.0,0.0,0.0,0.0,0.0,0.0,0.0,0.0,0.0,0.0,0.0,0.0,0.0,0.0,0.0,0.0,0.0
62,Neocortex,PYR,C310897B-P4,basal_dendrite,9,2396.141718813055,50.0,7.0,15.0,11.0,6.0,0.0,0.0,0.0,0.0,0.0,0.0,0.0,0.0,0.0,0.0,0.0,0.0,0.0,0.0,0.0,0.0,0.0,0.0,0.0,0.0,0.0,0.0,0.0,0.0,0.0,0.0,0.0
63,Neocortex,PYR,C271097A-P3,apical_dendrite,5,845.4240902214922,50.0,1.0,0.0,1.0,3.0,2.0,1.0,0.0,0.0,0.0,0.0,0.0,0.0,0.0,0.0,0.0,0.0,0.0,0.0,0.0,0.0,0.0,0.0,0.0,0.0,0.0,0.0,0.0,0.0,0.0,0.0,0.0
64,Neocortex,PYR,C271097A-P3,basal_dendrite,11,2079.5817237779665,50.0,6.0,11.0,7.0,1.0,0.0,0.0,0.0,0.0,0.0,0.0,0.0,0.0,0.0,0.0,0.0,0.0,0.0,0.0,0.0,0.0,0.0,0.0,0.0,0.0,0.0,0.0,0.0,0.0,0.0,0.0,0.0
65,Neocortex,PYR,C240797B-P3,apical_dendrite,7,2107.58811044048,50.0,1.0,0.0,0.0,3.0,4.0,3.0,3.0,5.0,6.0,0.0,0.0,0.0,0.0,0.0,0.0,0.0,0.0,0.0,0.0,0.0,0.0,0.0,0.0,0.0,0.0,0.0,0.0,0.0,0.0,0.0,0.0
66,Neocortex,PYR,C240797B-P3,basal_dendrite,12,2408.802856551023,50.0,6.0,2.0,4.0,11.0,7.0,1.0,0.0,0.0,0.0,0.0,0.0,0.0,0.0,0.0,0.0,0.0,0.0,0.0,0.0,0.0,0.0,0.0,0.0,0.0,0.0,0.0,0.0,0.0,0.0,0.0,0.0
67,Neocortex,PYR,C200897C-P3,apical_dendrite,2,939.7497961861,50.0,1.0,0.0,1.0,3.0,2.0,2.0,2.0,2.0,2.0,0.0,0.0,0.0,0.0,0.0,0.0,0.0,0.0,0.0,0.0,0.0,0.0,0.0,0.0,0.0,0.0,0.0,0.0,0.0,0.0,0.0,0.0
68,Neocortex,PYR,C200897C-P3,basal_dendrite,3,299.02961754011795,50.0,3.0,0.0,2.0,0.0,0.0,0.0,0.0,0.0,0.0,0.0,0.0,0.0,0.0,0.0,0.0,0.0,0.0,0.0,0.0,0.0,0.0,0.0,0.0,0.0,0.0,0.0,0.0,0.0,0.0,0.0,0.0
69,Neocortex,PYR,C210797A-P1,apical_dendrite,7,1535.9457067750811,50.0,1.0,0.0,5.0,3.0,3.0,3.0,2.0,1.0,0.0,0.0,0.0,0.0,0.0,0.0,0.0,0.0,0.0,0.0,0.0,0.0,0.0,0.0,0.0,0.0,0.0,0.0,0.0,0.0,0.0,0.0,0.0
70,Neocortex,PYR,C210797A-P1,basal_dendrite,6,1286.20651762135,50.0,4.0,6.0,8.0,0.0,0.0,0.0,0.0,0.0,0.0,0.0,0.0,0.0,0.0,0.0,0.0,0.0,0.0,0.0,0.0,0.0,0.0,0.0,0.0,0.0,0.0,0.0,0.0,0.0,0.0,0.0,0.0
71,Neocortex,PYR,C220197A-P3,apical_dendrite,21,4364.045244000072,50.0,1.0,1.0,6.0,11.0,2.0,2.0,1.0,1.0,1.0,1.0,1.0,2.0,4.0,5.0,8.0,1.0,0.0,0.0,0.0,0.0,0.0,0.0,0.0,0.0,0.0,0.0,0.0,0.0,0.0,0.0,0.0
72,Neocortex,PYR,C220197A-P3,basal_dendrite,13,3431.98728131771,50.0,6.0,18.0,17.0,9.0,1.0,0.0,0.0,0.0,0.0,0.0,0.0,0.0,0.0,0.0,0.0,0.0,0.0,0.0,0.0,0.0,0.0,0.0,0.0,0.0,0.0,0.0,0.0,0.0,0.0,0.0,0.0
73,Neocortex,PYR,C300898C-P2,basal_dendrite,22,4951.871885711863,50.0,5.0,15.0,21.0,10.0,6.0,6.0,4.0,0.0,0.0,0.0,0.0,0.0,0.0,0.0,0.0,0.0,0.0,0.0,0.0,0.0,0.0,0.0,0.0,0.0,0.0,0.0,0.0,0.0,0.0,0.0,0.0
74,Neocortex,PYR,C261296A-P3,apical_dendrite,61,6873.186338918063,50.0,1.0,0.0,8.0,9.0,7.0,6.0,4.0,2.0,3.0,3.0,3.0,3.0,3.0,3.0,3.0,3.0,3.0,3.0,6.0,8.0,0.0,0.0,0.0,0.0,0.0,0.0,0.0,0.0,0.0,0.0,0.0
75,Neocortex,PYR,C261296A-P3,basal_dendrite,37,2817.01031198979,50.0,6.0,8.0,12.0,4.0,2.0,0.0,0.0,0.0,0.0,0.0,0.0,0.0,0.0,0.0,0.0,0.0,0.0,0.0,0.0,0.0,0.0,0.0,0.0,0.0,0.0,0.0,0.0,0.0,0.0,0.0,0.0
76,Neocortex,PYR,C251197A-P4,apical_dendrite,3,958.9654496323616,50.0,1.0,3.0,2.0,2.0,1.0,1.0,3.0,2.0,0.0,0.0,0.0,0.0,0.0,0.0,0.0,0.0,0.0,0.0,0.0,0.0,0.0,0.0,0.0,0.0,0.0,0.0,0.0,0.0,0.0,0.0,0.0
77,Neocortex,PYR,C251197A-P4,basal_dendrite,10,1700.3404717780156,50.0,4.0,4.0,7.0,4.0,0.0,0.0,0.0,0.0,0.0,0.0,0.0,0.0,0.0,0.0,0.0,0.0,0.0,0.0,0.0,0.0,0.0,0.0,0.0,0.0,0.0,0.0,0.0,0.0,0.0,0.0,0.0
78,Neocortex,PYR,C200897C-P2,apical_dendrite,4,1510.2852122015067,50.0,1.0,0.0,2.0,2.0,3.0,1.0,1.0,4.0,3.0,0.0,0.0,0.0,0.0,0.0,0.0,0.0,0.0,0.0,0.0,0.0,0.0,0.0,0.0,0.0,0.0,0.0,0.0,0.0,0.0,0.0,0.0
79,Neocortex,PYR,C200897C-P2,basal_dendrite,6,1883.5104092464503,50.0,3.0,6.0,6.0,5.0,4.0,1.0,0.0,0.0,0.0,0.0,0.0,0.0,0.0,0.0,0.0,0.0,0.0,0.0,0.0,0.0,0.0,0.0,0.0,0.0,0.0,0.0,0.0,0.0,0.0,0.0,0.0
80,Neocortex,PYR,C231296A-P4B2,apical_dendrite,6,1310.6100326326505,50.0,1.0,0.0,3.0,2.0,1.0,1.0,1.0,1.0,1.0,1.0,0.0,0.0,0.0,0.0,0.0,0.0,0.0,0.0,0.0,0.0,0.0,0.0,0.0,0.0,0.0,0.0,0.0,0.0,0.0,0.0,0.0
81,Neocortex,PYR,C231296A-P4B2,basal_dendrite,6,806.1799822461604,50.0,5.0,1.0,4.0,2.0,0.0,0.0,0.0,0.0,0.0,0.0,0.0,0.0,0.0,0.0,0.0,0.0,0.0,0.0,0.0,0.0,0.0,0.0,0.0,0.0,0.0,0.0,0.0,0.0,0.0,0.0,0.0
82,Neocortex,PYR,C280199C-P3,apical_dendrite,10,2445.750099901722,50.0,3.0,9.0,7.0,3.0,3.0,1.0,1.0,0.0,0.0,0.0,0.0,0.0,0.0,0.0,0.0,0.0,0.0,0.0,0.0,0.0,0.0,0.0,0.0,0.0,0.0,0.0,0.0,0.0,0.0,0.0,0.0
83,Neocortex,PYR,C011098A-P4,basal_dendrite,10,1588.385099636043,50.0,7.0,7.0,6.0,4.0,0.0,0.0,0.0,0.0,0.0,0.0,0.0,0.0,0.0,0.0,0.0,0.0,0.0,0.0,0.0,0.0,0.0,0.0,0.0,0.0,0.0,0.0,0.0,0.0,0.0,0.0,0.0
84,Neocortex,PYR,C011098A-P4,apical_dendrite,6,1105.9903794127124,50.0,1.0,0.0,2.0,3.0,1.0,3.0,2.0,0.0,0.0,0.0,0.0,0.0,0.0,0.0,0.0,0.0,0.0,0.0,0.0,0.0,0.0,0.0,0.0,0.0,0.0,0.0,0.0,0.0,0.0,0.0,0.0
85,Neocortex,PYR,C190898A-P3,apical_dendrite,20,2710.636543630094,50.0,1.0,3.0,2.0,4.0,11.0,14.0,0.0,0.0,0.0,0.0,0.0,0.0,0.0,0.0,0.0,0.0,0.0,0.0,0.0,0.0,0.0,0.0,0.0,0.0,0.0,0.0,0.0,0.0,0.0,0.0,0.0
86,Neocortex,PYR,C190898A-P3,basal_dendrite,18,2218.7773924976327,50.0,4.0,15.0,15.0,2.0,0.0,0.0,0.0,0.0,0.0,0.0,0.0,0.0,0.0,0.0,0.0,0.0,0.0,0.0,0.0,0.0,0.0,0.0,0.0,0.0,0.0,0.0,0.0,0.0,0.0,0.0,0.0
87,Neocortex,PYR,C170897A-P2,apical_dendrite,8,1614.2818299578573,50.0,1.0,2.0,3.0,1.0,4.0,5.0,4.0,1.0,0.0,0.0,0.0,0.0,0.0,0.0,0.0,0.0,0.0,0.0,0.0,0.0,0.0,0.0,0.0,0.0,0.0,0.0,0.0,0.0,0.0,0.0,0.0
88,Neocortex,PYR,C170897A-P2,basal_dendrite,9,1550.1072615585156,50.0,4.0,11.0,5.0,2.0,0.0,0.0,0.0,0.0,0.0,0.0,0.0,0.0,0.0,0.0,0.0,0.0,0.0,0.0,0.0,0.0,0.0,0.0,0.0,0.0,0.0,0.0,0.0,0.0,0.0,0.0,0.0
89,Neocortex,PYR,C180298A-P2,apical_dendrite,7,1793.1399319933662,50.0,1.0,0.0,2.0,6.0,3.0,1.0,3.0,5.0,1.0,0.0,0.0,0.0,0.0,0.0,0.0,0.0,0.0,0.0,0.0,0.0,0.0,0.0,0.0,0.0,0.0,0.0,0.0,0.0,0.0,0.0,0.0
90,Neocortex,PYR,C180298A-P2,basal_dendrite,20,3719.6445473293397,50.0,8.0,13.0,16.0,3.0,0.0,0.0,0.0,0.0,0.0,0.0,0.0,0.0,0.0,0.0,0.0,0.0,0.0,0.0,0.0,0.0,0.0,0.0,0.0,0.0,0.0,0.0,0.0,0.0,0.0,0.0,0.0
91,Neocortex,PYR,C220797A-P3,apical_dendrite,6,1891.5133398037817,50.0,1.0,4.0,7.0,3.0,3.0,3.0,4.0,0.0,0.0,0.0,0.0,0.0,0.0,0.0,0.0,0.0,0.0,0.0,0.0,0.0,0.0,0.0,0.0,0.0,0.0,0.0,0.0,0.0,0.0,0.0,0.0
92,Neocortex,PYR,C220797A-P3,basal_dendrite,9,1568.2823807027507,50.0,4.0,5.0,9.0,4.0,0.0,0.0,0.0,0.0,0.0,0.0,0.0,0.0,0.0,0.0,0.0,0.0,0.0,0.0,0.0,0.0,0.0,0.0,0.0,0.0,0.0,0.0,0.0,0.0,0.0,0.0,0.0
93,Neocortex,PYR,C030796A-P3,basal_dendrite,21,3701.2985182893303,50.0,7.0,3.0,15.0,15.0,8.0,3.0,2.0,0.0,0.0,0.0,0.0,0.0,0.0,0.0,0.0,0.0,0.0,0.0,0.0,0.0,0.0,0.0,0.0,0.0,0.0,0.0,0.0,0.0,0.0,0.0,0.0
94,Neocortex,PYR,C030796A-P3,apical_dendrite,27,4818.430629781216,50.0,1.0,3.0,5.0,6.0,7.0,5.0,2.0,1.0,1.0,1.0,1.0,1.0,1.0,1.0,2.0,2.0,2.0,2.0,2.0,6.0,7.0,0.0,0.0,0.0,0.0,0.0,0.0,0.0,0.0,0.0,0.0
95,Neocortex,PYR,C010398B-P2,apical_dendrite,7,1050.2844512147765,50.0,1.0,1.0,6.0,3.0,1.0,1.0,1.0,1.0,1.0,0.0,0.0,0.0,0.0,0.0,0.0,0.0,0.0,0.0,0.0,0.0,0.0,0.0,0.0,0.0,0.0,0.0,0.0,0.0,0.0,0.0,0.0
96,Neocortex,PYR,C010398B-P2,basal_dendrite,5,861.4877366815504,50.0,7.0,9.0,4.0,1.0,0.0,0.0,0.0,0.0,0.0,0.0,0.0,0.0,0.0,0.0,0.0,0.0,0.0,0.0,0.0,0.0,0.0,0.0,0.0,0.0,0.0,0.0,0.0,0.0,0.0,0.0,0.0
97,Neocortex,PYR,C170898A-P4,basal_dendrite,12,1869.6015770971042,50.0,4.0,14.0,11.0,1.0,0.0,0.0,0.0,0.0,0.0,0.0,0.0,0.0,0.0,0.0,0.0,0.0,0.0,0.0,0.0,0.0,0.0,0.0,0.0,0.0,0.0,0.0,0.0,0.0,0.0,0.0,0.0
98,Neocortex,PYR,C170898A-P4,apical_dendrite,6,1330.1034455020263,50.0,1.0,5.0,6.0,1.0,1.0,1.0,1.0,1.0,1.0,1.0,1.0,0.0,0.0,0.0,0.0,0.0,0.0,0.0,0.0,0.0,0.0,0.0,0.0,0.0,0.0,0.0,0.0,0.0,0.0,0.0,0.0
99,Neocortex,PYR,C030397A-P2,basal_dendrite,7,1462.6911599772457,50.0,6.0,2.0,8.0,5.0,2.0,0.0,0.0,0.0,0.0,0.0,0.0,0.0,0.0,0.0,0.0,0.0,0.0,0.0,0.0,0.0,0.0,0.0,0.0,0.0,0.0,0.0,0.0,0.0,0.0,0.0,0.0
100,Neocortex,PYR,C030397A-P2,apical_dendrite,75,4858.460059003178,50.0,1.0,0.0,6.0,8.0,6.0,3.0,2.0,2.0,2.0,2.0,3.0,4.0,4.0,4.0,3.0,9.0,10.0,3.0,0.0,0.0,0.0,0.0,0.0,0.0,0.0,0.0,0.0,0.0,0.0,0.0,0.0
101,Neocortex,PYR,C300797C-P2,apical_dendrite,11,966.3710253272098,50.0,1.0,0.0,0.0,1.0,2.0,2.0,1.0,1.0,2.0,0.0,0.0,0.0,0.0,0.0,0.0,0.0,0.0,0.0,0.0,0.0,0.0,0.0,0.0,0.0,0.0,0.0,0.0,0.0,0.0,0.0,0.0
102,Neocortex,PYR,C300797C-P2,basal_dendrite,2,238.95435840970134,50.0,3.0,0.0,1.0,0.0,0.0,0.0,0.0,0.0,0.0,0.0,0.0,0.0,0.0,0.0,0.0,0.0,0.0,0.0,0.0,0.0,0.0,0.0,0.0,0.0,0.0,0.0,0.0,0.0,0.0,0.0,0.0
103,Neocortex,PYR,C240998A-P4,basal_dendrite,8,1505.712094276701,50.0,3.0,4.0,10.0,7.0,1.0,0.0,0.0,0.0,0.0,0.0,0.0,0.0,0.0,0.0,0.0,0.0,0.0,0.0,0.0,0.0,0.0,0.0,0.0,0.0,0.0,0.0,0.0,0.0,0.0,0.0,0.0
104,Neocortex,PYR,C240998A-P4,apical_dendrite,2,571.9223504203572,50.0,1.0,1.0,3.0,1.0,1.0,1.0,1.0,1.0,1.0,0.0,0.0,0.0,0.0,0.0,0.0,0.0,0.0,0.0,0.0,0.0,0.0,0.0,0.0,0.0,0.0,0.0,0.0,0.0,0.0,0.0,0.0
105,Neocortex,PYR,C310897B-P3,apical_dendrite,7,2015.849739333762,50.0,1.0,0.0,4.0,3.0,1.0,1.0,4.0,8.0,3.0,0.0,0.0,0.0,0.0,0.0,0.0,0.0,0.0,0.0,0.0,0.0,0.0,0.0,0.0,0.0,0.0,0.0,0.0,0.0,0.0,0.0,0.0
106,Neocortex,PYR,C310897B-P3,basal_dendrite,13,2998.452768044166,50.0,5.0,11.0,14.0,7.0,1.0,0.0,0.0,0.0,0.0,0.0,0.0,0.0,0.0,0.0,0.0,0.0,0.0,0.0,0.0,0.0,0.0,0.0,0.0,0.0,0.0,0.0,0.0,0.0,0.0,0.0,0.0
107,Neocortex,PYR,C031000B-P3,basal_dendrite,2,761.4320126001153,50.0,5.0,5.0,4.0,0.0,0.0,0.0,0.0,0.0,0.0,0.0,0.0,0.0,0.0,0.0,0.0,0.0,0.0,0.0,0.0,0.0,0.0,0.0,0.0,0.0,0.0,0.0,0.0,0.0,0.0,0.0,0.0
108,Neocortex,PYR,C031000B-P3,apical_dendrite,10,1684.4849957919032,50.0,1.0,3.0,5.0,1.0,2.0,1.0,3.0,2.0,0.0,0.0,0.0,0.0,0.0,0.0,0.0,0.0,0.0,0.0,0.0,0.0,0.0,0.0,0.0,0.0,0.0,0.0,0.0,0.0,0.0,0.0,0.0
109,Neocortex,PYR,C170797A-P2,apical_dendrite,10,1472.825157820778,50.0,1.0,0.0,3.0,5.0,7.0,1.0,0.0,0.0,0.0,0.0,0.0,0.0,0.0,0.0,0.0,0.0,0.0,0.0,0.0,0.0,0.0,0.0,0.0,0.0,0.0,0.0,0.0,0.0,0.0,0.0,0.0
110,Neocortex,PYR,C170797A-P2,basal_dendrite,9,1432.047005246394,50.0,4.0,0.0,0.0,12.0,3.0,0.0,0.0,0.0,0.0,0.0,0.0,0.0,0.0,0.0,0.0,0.0,0.0,0.0,0.0,0.0,0.0,0.0,0.0,0.0,0.0,0.0,0.0,0.0,0.0,0.0,0.0
111,Neocortex,PYR,C220197A-P2,apical_dendrite,15,3974.2983571066143,50.0,1.0,6.0,7.0,4.0,4.0,1.0,1.0,1.0,1.0,1.0,1.0,1.0,2.0,6.0,9.0,1.0,0.0,0.0,0.0,0.0,0.0,0.0,0.0,0.0,0.0,0.0,0.0,0.0,0.0,0.0,0.0
112,Neocortex,PYR,C220197A-P2,basal_dendrite,21,3758.3125989151476,50.0,9.0,5.0,20.0,15.0,4.0,0.0,0.0,0.0,0.0,0.0,0.0,0.0,0.0,0.0,0.0,0.0,0.0,0.0,0.0,0.0,0.0,0.0,0.0,0.0,0.0,0.0,0.0,0.0,0.0,0.0,0.0
113,Neocortex,PYR,C271097A-P2,apical_dendrite,3,614.6851936339831,50.0,1.0,1.0,4.0,3.0,1.0,0.0,0.0,0.0,0.0,0.0,0.0,0.0,0.0,0.0,0.0,0.0,0.0,0.0,0.0,0.0,0.0,0.0,0.0,0.0,0.0,0.0,0.0,0.0,0.0,0.0,0.0
114,Neocortex,PYR,C271097A-P2,basal_dendrite,7,2077.9471701284087,50.0,5.0,12.0,11.0,3.0,0.0,0.0,0.0,0.0,0.0,0.0,0.0,0.0,0.0,0.0,0.0,0.0,0.0,0.0,0.0,0.0,0.0,0.0,0.0,0.0,0.0,0.0,0.0,0.0,0.0,0.0,0.0
115,Neocortex,PYR,C050398B-P2,apical_dendrite,25,4445.877673150461,50.0,4.0,16.0,16.0,8.0,4.0,3.0,1.0,0.0,0.0,0.0,0.0,0.0,0.0,0.0,0.0,0.0,0.0,0.0,0.0,0.0,0.0,0.0,0.0,0.0,0.0,0.0,0.0,0.0,0.0,0.0,0.0
116,Neocortex,PYR,C050896A-P2,apical_dendrite,31,7539.902140244046,50.0,1.0,1.0,11.0,12.0,8.0,6.0,1.0,1.0,1.0,1.0,1.0,2.0,4.0,5.0,14.0,4.0,0.0,0.0,0.0,0.0,0.0,0.0,0.0,0.0,0.0,0.0,0.0,0.0,0.0,0.0,0.0
117,Neocortex,PYR,C050896A-P2,basal_dendrite,16,3512.8044547563236,50.0,7.0,12.0,15.0,10.0,1.0,2.0,0.0,0.0,0.0,0.0,0.0,0.0,0.0,0.0,0.0,0.0,0.0,0.0,0.0,0.0,0.0,0.0,0.0,0.0,0.0,0.0,0.0,0.0,0.0,0.0,0.0
118,Neocortex,PYR,C230797B-P1,apical_dendrite,13,2095.042156217522,50.0,1.0,5.0,5.0,8.0,7.0,2.0,0.0,0.0,0.0,0.0,0.0,0.0,0.0,0.0,0.0,0.0,0.0,0.0,0.0,0.0,0.0,0.0,0.0,0.0,0.0,0.0,0.0,0.0,0.0,0.0,0.0
119,Neocortex,PYR,C230797B-P1,basal_dendrite,7,585.4789931085037,50.0,4.0,3.0,3.0,0.0,0.0,0.0,0.0,0.0,0.0,0.0,0.0,0.0,0.0,0.0,0.0,0.0,0.0,0.0,0.0,0.0,0.0,0.0,0.0,0.0,0.0,0.0,0.0,0.0,0.0,0.0,0.0
120,Neocortex,PYR,C220498B-P3,apical_dendrite,7,1710.1685824600731,50.0,1.0,0.0,1.0,3.0,3.0,2.0,1.0,1.0,3.0,2.0,1.0,0.0,0.0,0.0,0.0,0.0,0.0,0.0,0.0,0.0,0.0,0.0,0.0,0.0,0.0,0.0,0.0,0.0,0.0,0.0,0.0
121,Neocortex,PYR,C220498B-P3,basal_dendrite,7,2611.798875422889,50.0,4.0,2.0,9.0,7.0,5.0,2.0,0.0,0.0,0.0,0.0,0.0,0.0,0.0,0.0,0.0,0.0,0.0,0.0,0.0,0.0,0.0,0.0,0.0,0.0,0.0,0.0,0.0,0.0,0.0,0.0,0.0
122,Neocortex,PYR,C270999B-P3,apical_dendrite,10,2735.4783009702624,50.0,1.0,0.0,0.0,2.0,2.0,3.0,2.0,2.0,1.0,1.0,1.0,3.0,9.0,6.0,2.0,0.0,0.0,0.0,0.0,0.0,0.0,0.0,0.0,0.0,0.0,0.0,0.0,0.0,0.0,0.0,0.0
123,Neocortex,PYR,C270999B-P3,basal_dendrite,17,3938.6198585414277,50.0,13.0,1.0,12.0,10.0,4.0,2.0,0.0,0.0,0.0,0.0,0.0,0.0,0.0,0.0,0.0,0.0,0.0,0.0,0.0,0.0,0.0,0.0,0.0,0.0,0.0,0.0,0.0,0.0,0.0,0.0,0.0
124,Neocortex,PYR,C010398B-P3,apical_dendrite,9,1457.7300033982222,50.0,1.0,1.0,7.0,1.0,1.0,1.0,1.0,1.0,1.0,0.0,0.0,0.0,0.0,0.0,0.0,0.0,0.0,0.0,0.0,0.0,0.0,0.0,0.0,0.0,0.0,0.0,0.0,0.0,0.0,0.0,0.0
125,Neocortex,PYR,C010398B-P3,basal_dendrite,10,1274.0995845089967,50.0,3.0,3.0,4.0,2.0,0.0,0.0,0.0,0.0,0.0,0.0,0.0,0.0,0.0,0.0,0.0,0.0,0.0,0.0,0.0,0.0,0.0,0.0,0.0,0.0,0.0,0.0,0.0,0.0,0.0,0.0,0.0
126,Neocortex,PYR,C170897A-P3,apical_dendrite,5,1295.5082578455954,50.0,1.0,0.0,2.0,2.0,2.0,3.0,2.0,0.0,0.0,0.0,0.0,0.0,0.0,0.0,0.0,0.0,0.0,0.0,0.0,0.0,0.0,0.0,0.0,0.0,0.0,0.0,0.0,0.0,0.0,0.0,0.0
127,Neocortex,PYR,C170897A-P3,basal_dendrite,11,2212.8677198221917,50.0,4.0,7.0,14.0,4.0,0.0,0.0,0.0,0.0,0.0,0.0,0.0,0.0,0.0,0.0,0.0,0.0,0.0,0.0,0.0,0.0,0.0,0.0,0.0,0.0,0.0,0.0,0.0,0.0,0.0,0.0,0.0
128,Neocortex,PYR,C250500A-P3,apical_dendrite,12,2702.680765080947,50.0,1.0,0.0,2.0,6.0,7.0,5.0,2.0,2.0,1.0,0.0,0.0,0.0,0.0,0.0,0.0,0.0,0.0,0.0,0.0,0.0,0.0,0.0,0.0,0.0,0.0,0.0,0.0,0.0,0.0,0.0,0.0
129,Neocortex,PYR,C250500A-P3,basal_dendrite,4,1097.4597357235937,50.0,6.0,0.0,1.0,6.0,1.0,0.0,0.0,0.0,0.0,0.0,0.0,0.0,0.0,0.0,0.0,0.0,0.0,0.0,0.0,0.0,0.0,0.0,0.0,0.0,0.0,0.0,0.0,0.0,0.0,0.0,0.0
130,Neocortex,PYR,C031097B-P3,basal_dendrite,12,2441.96485132111,50.0,5.0,15.0,10.0,4.0,1.0,1.0,0.0,0.0,0.0,0.0,0.0,0.0,0.0,0.0,0.0,0.0,0.0,0.0,0.0,0.0,0.0,0.0,0.0,0.0,0.0,0.0,0.0,0.0,0.0,0.0,0.0
131,Neocortex,PYR,C280199C-P2,apical_dendrite,10,2179.3687607551556,50.0,1.0,0.0,5.0,3.0,4.0,7.0,8.0,0.0,0.0,0.0,0.0,0.0,0.0,0.0,0.0,0.0,0.0,0.0,0.0,0.0,0.0,0.0,0.0,0.0,0.0,0.0,0.0,0.0,0.0,0.0,0.0
132,Neocortex,PYR,C280199C-P2,basal_dendrite,12,2713.2757929138875,50.0,5.0,7.0,16.0,4.0,0.0,0.0,0.0,0.0,0.0,0.0,0.0,0.0,0.0,0.0,0.0,0.0,0.0,0.0,0.0,0.0,0.0,0.0,0.0,0.0,0.0,0.0,0.0,0.0,0.0,0.0,0.0
133,Neocortex,PYR,C260199A-P2,basal_dendrite,9,2964.6311900530186,50.0,6.0,3.0,12.0,7.0,2.0,1.0,1.0,1.0,1.0,2.0,1.0,0.0,0.0,0.0,0.0,0.0,0.0,0.0,0.0,0.0,0.0,0.0,0.0,0.0,0.0,0.0,0.0,0.0,0.0,0.0,0.0
134,Neocortex,PYR,C261296A-P2,apical_dendrite,48,8285.037741791537,50.0,1.0,2.0,6.0,8.0,7.0,4.0,1.0,2.0,2.0,2.0,3.0,2.0,3.0,3.0,3.0,4.0,4.0,9.0,16.0,14.0,0.0,0.0,0.0,0.0,0.0,0.0,0.0,0.0,0.0,0.0,0.0
135,Neocortex,PYR,C261296A-P2,basal_dendrite,19,3301.8403669601407,50.0,8.0,1.0,15.0,14.0,7.0,1.0,0.0,0.0,0.0,0.0,0.0,0.0,0.0,0.0,0.0,0.0,0.0,0.0,0.0,0.0,0.0,0.0,0.0,0.0,0.0,0.0,0.0,0.0,0.0,0.0,0.0
136,Neocortex,PYR,C230298D-P1,basal_dendrite,4,885.7490776621511,50.0,4.0,5.0,6.0,1.0,0.0,0.0,0.0,0.0,0.0,0.0,0.0,0.0,0.0,0.0,0.0,0.0,0.0,0.0,0.0,0.0,0.0,0.0,0.0,0.0,0.0,0.0,0.0,0.0,0.0,0.0,0.0
137,Neocortex,PYR,C230797B-P4,apical_dendrite,12,2810.0383936402704,50.0,1.0,9.0,8.0,9.0,8.0,0.0,0.0,0.0,0.0,0.0,0.0,0.0,0.0,0.0,0.0,0.0,0.0,0.0,0.0,0.0,0.0,0.0,0.0,0.0,0.0,0.0,0.0,0.0,0.0,0.0,0.0
138,Neocortex,PYR,C230797B-P4,basal_dendrite,9,1245.591165113489,50.0,5.0,6.0,9.0,1.0,0.0,0.0,0.0,0.0,0.0,0.0,0.0,0.0,0.0,0.0,0.0,0.0,0.0,0.0,0.0,0.0,0.0,0.0,0.0,0.0,0.0,0.0,0.0,0.0,0.0,0.0,0.0
139,Neocortex,PYR,C220797A-P4,apical_dendrite,3,350.0775817663467,50.0,1.0,2.0,1.0,0.0,0.0,0.0,0.0,0.0,0.0,0.0,0.0,0.0,0.0,0.0,0.0,0.0,0.0,0.0,0.0,0.0,0.0,0.0,0.0,0.0,0.0,0.0,0.0,0.0,0.0,0.0,0.0
140,Neocortex,PYR,C220797A-P4,basal_dendrite,5,968.964552340316,50.0,6.0,1.0,7.0,0.0,0.0,0.0,0.0,0.0,0.0,0.0,0.0,0.0,0.0,0.0,0.0,0.0,0.0,0.0,0.0,0.0,0.0,0.0,0.0,0.0,0.0,0.0,0.0,0.0,0.0,0.0,0.0
141,Neocortex,PYR,C300997A-P3,apical_dendrite,14,2179.7464293147295,50.0,1.0,0.0,1.0,3.0,2.0,1.0,6.0,6.0,5.0,1.0,0.0,0.0,0.0,0.0,0.0,0.0,0.0,0.0,0.0,0.0,0.0,0.0,0.0,0.0,0.0,0.0,0.0,0.0,0.0,0.0,0.0
142,Neocortex,PYR,C300997A-P3,basal_dendrite,12,1745.4737911899788,50.0,6.0,0.0,5.0,4.0,0.0,0.0,0.0,0.0,0.0,0.0,0.0,0.0,0.0,0.0,0.0,0.0,0.0,0.0,0.0,0.0,0.0,0.0,0.0,0.0,0.0,0.0,0.0,0.0,0.0,0.0,0.0
143,Neocortex,PYR,C060998B-P4,apical_dendrite,6,1908.8757584259267,50.0,1.0,0.0,4.0,6.0,4.0,1.0,1.0,1.0,2.0,2.0,1.0,0.0,0.0,0.0,0.0,0.0,0.0,0.0,0.0,0.0,0.0,0.0,0.0,0.0,0.0,0.0,0.0,0.0,0.0,0.0,0.0
144,Neocortex,PYR,C060998B-P4,basal_dendrite,7,1449.4484055780592,50.0,6.0,0.0,8.0,9.0,3.0,0.0,0.0,0.0,0.0,0.0,0.0,0.0,0.0,0.0,0.0,0.0,0.0,0.0,0.0,0.0,0.0,0.0,0.0,0.0,0.0,0.0,0.0,0.0,0.0,0.0,0.0
145,Neocortex,PYR,C180997A-P3,apical_dendrite,10,2132.266866627703,50.0,1.0,6.0,11.0,5.0,1.0,1.0,0.0,0.0,0.0,0.0,0.0,0.0,0.0,0.0,0.0,0.0,0.0,0.0,0.0,0.0,0.0,0.0,0.0,0.0,0.0,0.0,0.0,0.0,0.0,0.0,0.0
146,Neocortex,PYR,C180997A-P3,basal_dendrite,7,1304.056794546778,50.0,4.0,6.0,7.0,3.0,1.0,0.0,0.0,0.0,0.0,0.0,0.0,0.0,0.0,0.0,0.0,0.0,0.0,0.0,0.0,0.0,0.0,0.0,0.0,0.0,0.0,0.0,0.0,0.0,0.0,0.0,0.0
147,Neocortex,PYR,C271097A-P1,apical_dendrite,6,1423.7859000064313,50.0,1.0,4.0,6.0,4.0,1.0,1.0,0.0,0.0,0.0,0.0,0.0,0.0,0.0,0.0,0.0,0.0,0.0,0.0,0.0,0.0,0.0,0.0,0.0,0.0,0.0,0.0,0.0,0.0,0.0,0.0,0.0
148,Neocortex,PYR,C271097A-P1,basal_dendrite,13,2204.921704204786,50.0,4.0,10.0,11.0,2.0,0.0,0.0,0.0,0.0,0.0,0.0,0.0,0.0,0.0,0.0,0.0,0.0,0.0,0.0,0.0,0.0,0.0,0.0,0.0,0.0,0.0,0.0,0.0,0.0,0.0,0.0,0.0
149,Neocortex,PYR,C250500A-P2,apical_dendrite,22,3324.0693308047094,50.0,1.0,0.0,13.0,12.0,7.0,2.0,0.0,0.0,0.0,0.0,0.0,0.0,0.0,0.0,0.0,0.0,0.0,0.0,0.0,0.0,0.0,0.0,0.0,0.0,0.0,0.0,0.0,0.0,0.0,0.0,0.0
150,Neocortex,PYR,C250500A-P2,basal_dendrite,7,1301.8850699207972,50.0,4.0,5.0,7.0,0.0,0.0,0.0,0.0,0.0,0.0,0.0,0.0,0.0,0.0,0.0,0.0,0.0,0.0,0.0,0.0,0.0,0.0,0.0,0.0,0.0,0.0,0.0,0.0,0.0,0.0,0.0,0.0
151,Neocortex,PYR,C280199C-P1,apical_dendrite,6,1786.9305571257216,50.0,1.0,6.0,2.0,2.0,2.0,5.0,5.0,0.0,0.0,0.0,0.0,0.0,0.0,0.0,0.0,0.0,0.0,0.0,0.0,0.0,0.0,0.0,0.0,0.0,0.0,0.0,0.0,0.0,0.0,0.0,0.0
152,Neocortex,PYR,C280199C-P1,basal_dendrite,15,3482.416775498938,50.0,5.0,14.0,17.0,12.0,0.0,0.0,0.0,0.0,0.0,0.0,0.0,0.0,0.0,0.0,0.0,0.0,0.0,0.0,0.0,0.0,0.0,0.0,0.0,0.0,0.0,0.0,0.0,0.0,0.0,0.0,0.0
153,Neocortex,PYR,C190997A-P4,apical_dendrite,8,1825.0734124860787,50.0,1.0,10.0,5.0,1.0,1.0,1.0,1.0,1.0,1.0,1.0,0.0,0.0,0.0,0.0,0.0,0.0,0.0,0.0,0.0,0.0,0.0,0.0,0.0,0.0,0.0,0.0,0.0,0.0,0.0,0.0,0.0
154,Neocortex,PYR,C190997A-P4,basal_dendrite,5,958.0732734415652,50.0,4.0,8.0,2.0,1.0,0.0,0.0,0.0,0.0,0.0,0.0,0.0,0.0,0.0,0.0,0.0,0.0,0.0,0.0,0.0,0.0,0.0,0.0,0.0,0.0,0.0,0.0,0.0,0.0,0.0,0.0,0.0
155,Neocortex,PYR,C190898A-P2,apical_dendrite,17,2801.268339123025,50.0,1.0,9.0,10.0,5.0,7.0,6.0,0.0,0.0,0.0,0.0,0.0,0.0,0.0,0.0,0.0,0.0,0.0,0.0,0.0,0.0,0.0,0.0,0.0,0.0,0.0,0.0,0.0,0.0,0.0,0.0,0.0
156,Neocortex,PYR,C190898A-P2,basal_dendrite,6,1184.5468744075297,50.0,4.0,5.0,10.0,1.0,0.0,0.0,0.0,0.0,0.0,0.0,0.0,0.0,0.0,0.0,0.0,0.0,0.0,0.0,0.0,0.0,0.0,0.0,0.0,0.0,0.0,0.0,0.0,0.0,0.0,0.0,0.0
157,Neocortex,PYR,C050896A-P3,apical_dendrite,24,5695.902198908121,50.0,1.0,2.0,5.0,6.0,4.0,1.0,2.0,1.0,1.0,2.0,2.0,2.0,4.0,7.0,6.0,8.0,0.0,0.0,0.0,0.0,0.0,0.0,0.0,0.0,0.0,0.0,0.0,0.0,0.0,0.0,0.0
158,Neocortex,PYR,C050896A-P3,basal_dendrite,21,3103.9093726736082,50.0,8.0,3.0,21.0,11.0,2.0,0.0,0.0,0.0,0.0,0.0,0.0,0.0,0.0,0.0,0.0,0.0,0.0,0.0,0.0,0.0,0.0,0.0,0.0,0.0,0.0,0.0,0.0,0.0,0.0,0.0,0.0
159,Neocortex,PYR,C260897C-P2,apical_dendrite,12,2147.590620347871,50.0,1.0,0.0,3.0,7.0,1.0,1.0,2.0,7.0,0.0,0.0,0.0,0.0,0.0,0.0,0.0,0.0,0.0,0.0,0.0,0.0,0.0,0.0,0.0,0.0,0.0,0.0,0.0,0.0,0.0,0.0,0.0
160,Neocortex,PYR,C260897C-P2,basal_dendrite,20,3051.0596764806633,50.0,7.0,3.0,13.0,11.0,1.0,0.0,0.0,0.0,0.0,0.0,0.0,0.0,0.0,0.0,0.0,0.0,0.0,0.0,0.0,0.0,0.0,0.0,0.0,0.0,0.0,0.0,0.0,0.0,0.0,0.0,0.0
161,Neocortex,PYR,C140600C-P3,apical_dendrite,2,1287.0031888739954,50.0,1.0,1.0,1.0,1.0,1.0,1.0,2.0,2.0,4.0,4.0,2.0,0.0,0.0,0.0,0.0,0.0,0.0,0.0,0.0,0.0,0.0,0.0,0.0,0.0,0.0,0.0,0.0,0.0,0.0,0.0,0.0
162,Neocortex,PYR,C140600C-P3,basal_dendrite,12,2491.2112919478745,50.0,5.0,12.0,13.0,6.0,0.0,0.0,0.0,0.0,0.0,0.0,0.0,0.0,0.0,0.0,0.0,0.0,0.0,0.0,0.0,0.0,0.0,0.0,0.0,0.0,0.0,0.0,0.0,0.0,0.0,0.0,0.0
163,Neocortex,PYR,C030796A-P2,basal_dendrite,8,1589.5656064269328,50.0,6.0,6.0,9.0,3.0,2.0,1.0,0.0,0.0,0.0,0.0,0.0,0.0,0.0,0.0,0.0,0.0,0.0,0.0,0.0,0.0,0.0,0.0,0.0,0.0,0.0,0.0,0.0,0.0,0.0,0.0,0.0
164,Neocortex,PYR,C030796A-P2,apical_dendrite,85,22768.735809648664,50.0,2.0,1.0,8.0,23.0,14.0,22.0,26.0,23.0,18.0,16.0,15.0,10.0,9.0,10.0,10.0,10.0,8.0,10.0,9.0,11.0,13.0,2.0,0.0,0.0,0.0,0.0,0.0,0.0,0.0,0.0,0.0
165,Neocortex,PYR,C030397A-P3,basal_dendrite,1,197.47722507619784,50.0,1.0,1.0,1.0,0.0,0.0,0.0,0.0,0.0,0.0,0.0,0.0,0.0,0.0,0.0,0.0,0.0,0.0,0.0,0.0,0.0,0.0,0.0,0.0,0.0,0.0,0.0,0.0,0.0,0.0,0.0,0.0
166,Neocortex,PYR,C030397A-P3,apical_dendrite,38,6365.311846558514,50.0,1.0,0.0,7.0,2.0,11.0,3.0,3.0,1.0,1.0,1.0,3.0,4.0,3.0,3.0,4.0,8.0,9.0,3.0,0.0,0.0,0.0,0.0,0.0,0.0,0.0,0.0,0.0,0.0,0.0,0.0,0.0
167,Neocortex,PYR,C050398B-P1,apical_dendrite,13,3070.492924661269,50.0,1.0,1.0,7.0,5.0,5.0,10.0,5.0,0.0,0.0,0.0,0.0,0.0,0.0,0.0,0.0,0.0,0.0,0.0,0.0,0.0,0.0,0.0,0.0,0.0,0.0,0.0,0.0,0.0,0.0,0.0,0.0
168,Neocortex,PYR,C050398B-P1,basal_dendrite,13,2234.006797152373,50.0,6.0,4.0,10.0,11.0,1.0,0.0,0.0,0.0,0.0,0.0,0.0,0.0,0.0,0.0,0.0,0.0,0.0,0.0,0.0,0.0,0.0,0.0,0.0,0.0,0.0,0.0,0.0,0.0,0.0,0.0,0.0
169,Neocortex,PYR,C140300B-P1,apical_dendrite,17,1971.5191833245517,50.0,1.0,5.0,8.0,4.0,2.0,3.0,0.0,0.0,0.0,0.0,0.0,0.0,0.0,0.0,0.0,0.0,0.0,0.0,0.0,0.0,0.0,0.0,0.0,0.0,0.0,0.0,0.0,0.0,0.0,0.0,0.0
170,Neocortex,PYR,C140300B-P1,basal_dendrite,8,1088.4567848958438,50.0,4.0,4.0,9.0,1.0,0.0,0.0,0.0,0.0,0.0,0.0,0.0,0.0,0.0,0.0,0.0,0.0,0.0,0.0,0.0,0.0,0.0,0.0,0.0,0.0,0.0,0.0,0.0,0.0,0.0,0.0,0.0
171,Neocortex,PYR,C260897C-P3,apical_dendrite,6,1041.4728121564829,50.0,1.0,0.0,2.0,2.0,1.0,1.0,2.0,4.0,2.0,0.0,0.0,0.0,0.0,0.0,0.0,0.0,0.0,0.0,0.0,0.0,0.0,0.0,0.0,0.0,0.0,0.0,0.0,0.0,0.0,0.0,0.0
172,Neocortex,PYR,C260897C-P3,basal_dendrite,16,2835.707744104904,50.0,6.0,6.0,13.0,6.0,0.0,0.0,0.0,0.0,0.0,0.0,0.0,0.0,0.0,0.0,0.0,0.0,0.0,0.0,0.0,0.0,0.0,0.0,0.0,0.0,0.0,0.0,0.0,0.0,0.0,0.0,0.0
173,Neocortex,PYR,C270999B-P2,basal_dendrite,20,6574.649618634148,50.0,9.0,1.0,1.0,14.0,15.0,11.0,5.0,2.0,2.0,2.0,2.0,2.0,2.0,3.0,0.0,0.0,0.0,0.0,0.0,0.0,0.0,0.0,0.0,0.0,0.0,0.0,0.0,0.0,0.0,0.0,0.0
174,Neocortex,PYR,C310897A-P4,apical_dendrite,8,1854.5920435624887,50.0,1.0,4.0,5.0,3.0,3.0,2.0,3.0,2.0,0.0,0.0,0.0,0.0,0.0,0.0,0.0,0.0,0.0,0.0,0.0,0.0,0.0,0.0,0.0,0.0,0.0,0.0,0.0,0.0,0.0,0.0,0.0
175,Neocortex,PYR,C310897A-P4,basal_dendrite,15,3017.5104806946074,50.0,5.0,0.0,14.0,15.0,5.0,1.0,0.0,0.0,0.0,0.0,0.0,0.0,0.0,0.0,0.0,0.0,0.0,0.0,0.0,0.0,0.0,0.0,0.0,0.0,0.0,0.0,0.0,0.0,0.0,0.0,0.0
176,Neocortex,PYR,C240797B-P1,apical_dendrite,15,3020.178224758053,50.0,1.0,0.0,5.0,7.0,5.0,1.0,4.0,10.0,9.0,0.0,0.0,0.0,0.0,0.0,0.0,0.0,0.0,0.0,0.0,0.0,0.0,0.0,0.0,0.0,0.0,0.0,0.0,0.0,0.0,0.0,0.0
177,Neocortex,PYR,C240797B-P1,basal_dendrite,15,2944.61386586313,50.0,6.0,5.0,11.0,11.0,1.0,0.0,0.0,0.0,0.0,0.0,0.0,0.0,0.0,0.0,0.0,0.0,0.0,0.0,0.0,0.0,0.0,0.0,0.0,0.0,0.0,0.0,0.0,0.0,0.0,0.0,0.0
178,Neocortex,PYR,C231296A-P3,apical_dendrite,30,5173.29535488595,50.0,1.0,2.0,6.0,10.0,5.0,7.0,3.0,2.0,5.0,3.0,0.0,0.0,0.0,0.0,0.0,0.0,0.0,0.0,0.0,0.0,0.0,0.0,0.0,0.0,0.0,0.0,0.0,0.0,0.0,0.0,0.0
179,Neocortex,PYR,C231296A-P3,basal_dendrite,10,1796.2398625942678,50.0,5.0,0.0,0.0,0.0,0.0,0.0,7.0,4.0,2.0,1.0,0.0,0.0,0.0,0.0,0.0,0.0,0.0,0.0,0.0,0.0,0.0,0.0,0.0,0.0,0.0,0.0,0.0,0.0,0.0,0.0,0.0
180,Neocortex,PYR,C290500C-P1,apical_dendrite,12,4194.078788129179,50.0,1.0,4.0,6.0,4.0,5.0,2.0,1.0,3.0,2.0,3.0,1.0,2.0,2.0,4.0,5.0,0.0,0.0,0.0,0.0,0.0,0.0,0.0,0.0,0.0,0.0,0.0,0.0,0.0,0.0,0.0,0.0
181,Neocortex,PYR,C290500C-P1,basal_dendrite,30,11268.39642215271,50.0,5.0,11.0,23.0,16.0,10.0,7.0,8.0,9.0,7.0,7.0,7.0,9.0,6.0,3.0,2.0,1.0,0.0,0.0,0.0,0.0,0.0,0.0,0.0,0.0,0.0,0.0,0.0,0.0,0.0,0.0,0.0
182,Neocortex,PYR,C030397A-P1,basal_dendrite,0,77.84061557105103,50.0,3.0,2.0,0.0,0.0,0.0,0.0,0.0,0.0,0.0,0.0,0.0,0.0,0.0,0.0,0.0,0.0,0.0,0.0,0.0,0.0,0.0,0.0,0.0,0.0,0.0,0.0,0.0,0.0,0.0,0.0,0.0
183,Neocortex,PYR,C030397A-P1,apical_dendrite,32,6636.470473770329,50.0,1.0,1.0,1.0,5.0,8.0,4.0,2.0,1.0,2.0,3.0,3.0,4.0,4.0,5.0,7.0,8.0,9.0,10.0,1.0,0.0,0.0,0.0,0.0,0.0,0.0,0.0,0.0,0.0,0.0,0.0,0.0
184,Neocortex,PYR,C300797C-P4,basal_dendrite,16,2515.162549441151,50.0,5.0,13.0,15.0,7.0,1.0,0.0,0.0,0.0,0.0,0.0,0.0,0.0,0.0,0.0,0.0,0.0,0.0,0.0,0.0,0.0,0.0,0.0,0.0,0.0,0.0,0.0,0.0,0.0,0.0,0.0,0.0
185,Neocortex,PYR,C300797C-P4,apical_dendrite,11,2557.151628945949,50.0,1.0,6.0,5.0,4.0,3.0,4.0,1.0,1.0,2.0,3.0,4.0,0.0,0.0,0.0,0.0,0.0,0.0,0.0,0.0,0.0,0.0,0.0,0.0,0.0,0.0,0.0,0.0,0.0,0.0,0.0,0.0
186,Neocortex,PYR,C220797A-P1,apical_dendrite,13,1879.713966512917,50.0,1.0,3.0,3.0,1.0,2.0,4.0,6.0,0.0,0.0,0.0,0.0,0.0,0.0,0.0,0.0,0.0,0.0,0.0,0.0,0.0,0.0,0.0,0.0,0.0,0.0,0.0,0.0,0.0,0.0,0.0,0.0
187,Neocortex,PYR,C220797A-P1,basal_dendrite,11,1446.1824780832762,50.0,4.0,8.0,11.0,2.0,0.0,0.0,0.0,0.0,0.0,0.0,0.0,0.0,0.0,0.0,0.0,0.0,0.0,0.0,0.0,0.0,0.0,0.0,0.0,0.0,0.0,0.0,0.0,0.0,0.0,0.0,0.0
188,Neocortex,PYR,C150600B-P2,basal_dendrite,10,2155.059480746809,50.0,6.0,3.0,9.0,5.0,2.0,2.0,1.0,0.0,0.0,0.0,0.0,0.0,0.0,0.0,0.0,0.0,0.0,0.0,0.0,0.0,0.0,0.0,0.0,0.0,0.0,0.0,0.0,0.0,0.0,0.0,0.0
189,OB,MITRAL,2M3,basal_dendrite,13,15870.81274297259,50.0,5.0,6.0,9.0,12.0,13.0,15.0,17.0,18.0,18.0,19.0,20.0,18.0,16.0,13.0,12.0,10.0,10.0,6.0,4.0,2.0,1.0,1.0,0.0,0.0,0.0,0.0,0.0,0.0,0.0,0.0,0.0
190,OB,MITRAL,2M3,apical_dendrite,14,3906.2744438387617,50.0,1.0,1.0,2.0,3.0,10.0,2.0,2.0,2.0,2.0,2.0,2.0,2.0,3.0,3.0,2.0,3.0,4.0,3.0,2.0,0.0,0.0,0.0,0.0,0.0,0.0,0.0,0.0,0.0,0.0,0.0,0.0
191,OB,MITRAL,TM6,basal_dendrite,4,10559.928845017794,50.0,9.0,9.0,11.0,11.0,12.0,14.0,14.0,13.0,13.0,12.0,12.0,11.0,9.0,9.0,8.0,5.0,2.0,2.0,0.0,0.0,0.0,0.0,0.0,0.0,0.0,0.0,0.0,0.0,0.0,0.0,0.0
192,OB,MITRAL,TM6,apical_dendrite,4,882.4251105997278,50.0,1.0,1.0,1.0,1.0,1.0,1.0,1.0,5.0,0.0,0.0,0.0,0.0,0.0,0.0,0.0,0.0,0.0,0.0,0.0,0.0,0.0,0.0,0.0,0.0,0.0,0.0,0.0,0.0,0.0,0.0,0.0
193,OB,MITRAL,TM2,basal_dendrite,5,8012.100495984173,50.0,3.0,4.0,7.0,8.0,8.0,8.0,9.0,9.0,9.0,9.0,8.0,7.0,7.0,8.0,7.0,7.0,7.0,4.0,2.0,2.0,1.0,0.0,0.0,0.0,0.0,0.0,0.0,0.0,0.0,0.0,0.0
194,OB,MITRAL,TM2,apical_dendrite,14,1878.5999535140857,50.0,1.0,2.0,3.0,11.0,1.0,1.0,1.0,1.0,1.0,1.0,1.0,1.0,1.0,1.0,1.0,1.0,0.0,0.0,0.0,0.0,0.0,0.0,0.0,0.0,0.0,0.0,0.0,0.0,0.0,0.0,0.0
195,OB,MITRAL,TM4,basal_dendrite,12,11128.454392508955,50.0,5.0,8.0,8.0,11.0,12.0,12.0,13.0,12.0,11.0,11.0,11.0,9.0,9.0,8.0,8.0,6.0,5.0,4.0,3.0,2.0,1.0,2.0,2.0,1.0,1.0,1.0,1.0,1.0,1.0,0.0,0.0
196,OB,MITRAL,TM5,basal_dendrite,8,11203.866153363568,50.0,4.0,5.0,9.0,13.0,11.0,14.0,12.0,13.0,11.0,8.0,9.0,8.0,7.0,6.0,4.0,4.0,4.0,4.0,4.0,3.0,2.0,2.0,2.0,1.0,1.0,1.0,0.0,0.0,0.0,0.0,0.0
197,OB,MITRAL,TM5,apical_dendrite,16,5690.929978287427,50.0,1.0,1.0,1.0,1.0,3.0,4.0,11.0,11.0,3.0,4.0,4.0,4.0,4.0,4.0,4.0,3.0,3.0,4.0,3.0,3.0,3.0,1.0,1.0,1.0,1.0,0.0,0.0,0.0,0.0,0.0,0.0
198,OB,MITRAL,2M1,apical_dendrite,8,663.488623942093,50.0,1.0,1.0,1.0,1.0,1.0,1.0,6.0,0.0,0.0,0.0,0.0,0.0,0.0,0.0,0.0,0.0,0.0,0.0,0.0,0.0,0.0,0.0,0.0,0.0,0.0,0.0,0.0,0.0,0.0,0.0,0.0
199,OB,MITRAL,2M1,basal_dendrite,10,15100.505152098069,50.0,5.0,6.0,10.0,12.0,14.0,15.0,16.0,18.0,18.0,18.0,18.0,17.0,15.0,14.0,14.0,13.0,10.0,8.0,6.0,4.0,1.0,0.0,0.0,0.0,0.0,0.0,0.0,0.0,0.0,0.0,0.0
200,OB,MITRAL,TM1ver2,basal_dendrite,11,14869.446634208742,50.0,7.0,8.0,12.0,15.0,15.0,15.0,18.0,17.0,17.0,18.0,17.0,15.0,14.0,13.0,9.0,9.0,6.0,2.0,2.0,2.0,2.0,2.0,0.0,0.0,0.0,0.0,0.0,0.0,0.0,0.0,0.0
201,OB,MITRAL,2M2,basal_dendrite,12,14346.406599113829,50.0,7.0,8.0,9.0,14.0,14.0,14.0,15.0,15.0,17.0,17.0,17.0,13.0,12.0,12.0,11.0,11.0,8.0,7.0,3.0,3.0,2.0,0.0,0.0,0.0,0.0,0.0,0.0,0.0,0.0,0.0,0.0
202,OB,MITRAL,2M2,apical_dendrite,23,1196.7918371739233,50.0,1.0,1.0,1.0,5.0,0.0,0.0,0.0,0.0,0.0,0.0,0.0,0.0,0.0,0.0,0.0,0.0,0.0,0.0,0.0,0.0,0.0,0.0,0.0,0.0,0.0,0.0,0.0,0.0,0.0,0.0,0.0
203,OB,MITRAL,TM3,basal_dendrite,8,8791.536009454407,50.0,4.0,4.0,6.0,8.0,10.0,11.0,13.0,12.0,11.0,13.0,11.0,11.0,7.0,6.0,5.0,3.0,2.0,0.0,0.0,0.0,0.0,0.0,0.0,0.0,0.0,0.0,0.0,0.0,0.0,0.0,0.0
204,OB,MITRAL,TM3,apical_dendrite,13,6045.687263668185,50.0,1.0,1.0,1.0,3.0,4.0,7.0,4.0,3.0,5.0,7.0,7.0,6.0,6.0,6.0,4.0,4.0,4.0,3.0,3.0,2.0,2.0,1.0,0.0,0.0,0.0,0.0,0.0,0.0,0.0,0.0,0.0
205,OB,TUFTED,TT5,basal_dendrite,65,28966.023785890673,50.0,7.0,7.0,11.0,10.0,14.0,15.0,21.0,21.0,17.0,17.0,15.0,16.0,17.0,18.0,13.0,9.0,7.0,5.0,7.0,18.0,13.0,9.0,5.0,6.0,4.0,4.0,4.0,4.0,4.0,4.0,4.0
206,OB,TUFTED,TT3,basal_dendrite,37,6595.440348049101,50.0,1.0,3.0,4.0,4.0,4.0,17.0,8.0,6.0,7.0,8.0,7.0,8.0,6.0,2.0,2.0,3.0,1.0,1.0,1.0,0.0,0.0,0.0,0.0,0.0,0.0,0.0,0.0,0.0,0.0,0.0,0.0
207,OB,TUFTED,10ventrolateral_2T0925,basal_dendrite,14,8599.319370710535,50.0,2.0,7.0,9.0,9.0,9.0,9.0,8.0,8.0,8.0,7.0,7.0,10.0,10.0,7.0,6.0,4.0,2.0,1.0,1.0,1.0,1.0,0.0,0.0,0.0,0.0,0.0,0.0,0.0,0.0,0.0,0.0
208,OB,TUFTED,2T2,basal_dendrite,11,8086.185309927714,50.0,1.0,7.0,10.0,9.0,9.0,8.0,8.0,8.0,8.0,7.0,8.0,7.0,8.0,5.0,5.0,5.0,3.0,1.0,1.0,1.0,0.0,0.0,0.0,0.0,0.0,0.0,0.0,0.0,0.0,0.0,0.0
209,OB,TUFTED,TT4,basal_dendrite,74,29542.146632918764,50.0,2.0,3.0,6.0,6.0,17.0,21.0,15.0,13.0,11.0,10.0,13.0,11.0,9.0,9.0,10.0,17.0,11.0,10.0,14.0,16.0,15.0,14.0,12.0,9.0,6.0,4.0,4.0,3.0,3.0,3.0,3.0
